﻿<?xml version="1.0" encoding="utf-8"?>
<Elements xmlns="http://schemas.microsoft.com/sharepoint/">
  <Module Name="WebPartPage">
    <File Path="WebPartPage\HelloWorldVisualWebPartPage.aspx" Url="WebPartPage/HelloWorldVisualWebPartPage.aspx" >
      <AllUsersWebPart WebPartZoneID="Center" WebPartOrder="0">
        <![CDATA[
          <webParts>
              <webPart xmlns="http://schemas.microsoft.com/WebPart/v3">
                <metaData>
                  <type name="HelloWorldVisualWebPart.WebParts.HelloWorldVisualWebPart.HelloWorldVisualWebPart, $SharePoint.Project.AssemblyFullName$" />
                  <importErrorMessage>$Resources:core,ImportErrorMessage;</importErrorMessage>
                </metaData>
                <data>
                  <properties>
                    <property name="Title" type="string">HelloWorldVisualWebPart</property>
                    <property name="Description" type="string">HelloWorldVisualWebPart desctiption</property>
                  </properties>
                </data>
              </webPart>
          </webParts> 
        ]]>
      </AllUsersWebPart>
    </File>
</Module>
</Elements>