﻿<?xml version="1.0" encoding="utf-8"?>
<Elements xmlns="http://schemas.microsoft.com/sharepoint/">
  <Module Name="WebPartPage">
    <File Path="WebPartPage\WebPartPage.aspx" Url="WebPartPage/CustomEditorPartSamplePage.aspx" >
      <AllUsersWebPart WebPartZoneID="Center" WebPartOrder="0">
        <![CDATA[
          <webParts>
              <webPart xmlns="http://schemas.microsoft.com/WebPart/v3">
                <metaData>
                  <type name="CustomEditorPart.WebParts.LinksStore.LinksStoreWebPart, $SharePoint.Project.AssemblyFullName$" />
                  <importErrorMessage>$Resources:core,ImportErrorMessage;</importErrorMessage>
                </metaData>
                <data>
                  <properties>
                    <property name="Greetings" type="string">Hi there!</property>
                    <property name="Season" type="CustomEditorPart.WebParts.LinksStore.Seasons, CustomEditorPart, Version=1.0.0.0, Culture=neutral, PublicKeyToken=ef7884be06e418fc">Summer</property>
                    <property name="PageSize" type="int">4</property>
                    <property name="Editable" type="bool">True</property>
                    <property name="CurrentDate" type="datetime">06/19/2011 18:27:24</property>

                    <property name="ExportMode" type="exportmode">All</property>
                    <property name="AllowConnect" type="bool">False</property>
                    <property name="AllowHide" type="bool">True</property>
                    <property name="Description" type="string">My Visual WebPart</property>
                    <property name="Title" type="string">WebPartWithCustomEditor</property>
                  </properties>
                </data>
              </webPart>
          </webParts> 
        ]]>
      </AllUsersWebPart>
    </File>
</Module>
</Elements>