<?xml version="1.0" encoding="utf-8" ?>
<Feature xmlns="http://schemas.microsoft.com/sharepoint/">
  <UpgradeActions ReceiverAssembly="$SharePoint.Project.AssemblyFullName$" ReceiverClass="$SharePoint.Type.3be7c1f1-5a04-4f48-bff3-f658b997138c.FullName$">
    <VersionRange BeginVersion="1.0.0.0" EndVersion="2.0.0.0" >
      
      <ApplyElementManifests>
        <ElementManifest Location="Tasks2\Elements.xml"/>
      </ApplyElementManifests>

      <CustomUpgradeAction Name="UpdateSiteTitle">
        <Parameters>
          <Parameter Name="Title">title 2.0 version</Parameter>
        </Parameters>
      </CustomUpgradeAction>
    </VersionRange>
  </UpgradeActions>
</Feature>