﻿<?xml version="1.0" encoding="utf-8"?>
<Elements xmlns="http://schemas.microsoft.com/sharepoint/">
  <Module Name="SitePage">
    <File Path="SitePage\WebPartPage.aspx" Url="SitePage/WebPartPage.aspx" >
      <AllUsersWebPart WebPartZoneID="Center" WebPartOrder="0">
        <![CDATA[ <webParts>
                    <webPart xmlns="http://schemas.microsoft.com/WebPart/v3">
                      <metaData>
                        <type name="WebPartVerbs.WebParts.WebPartVerbs.WebPartVerbs, $SharePoint.Project.AssemblyFullName$" />
                        <importErrorMessage>$Resources:core,ImportErrorMessage;</importErrorMessage>
                      </metaData>
                      <data>
                        <properties>
                          <property name="Title" type="string">WebPartVerbs</property>
                          <property name="Description" type="string">My WebPart</property>
                        </properties>
                      </data>
                    </webPart>
                  </webParts> 
        ]]>
      </AllUsersWebPart>
    </File>
  </Module>
</Elements>