﻿<?xml version="1.0" encoding="utf-8"?>
<Elements xmlns="http://schemas.microsoft.com/sharepoint/">
  <Module Name="WebPartPages">
    <File Path="WebPartPages\WebPartPage.aspx" Url="WebPartPages/ConnectableWebPartsSample.aspx" >
      <NavBarPage ID="1002" Name="Connectable web parts" Position="End" />
      <AllUsersWebPart ID="testProvider" WebPartZoneID="Center" WebPartOrder="0">
        <![CDATA[
          <webParts>
              <webPart xmlns="http://schemas.microsoft.com/WebPart/v3">
                <metaData>
                  <type name="ConnectableWebParts.WebParts.WPProvider.WPProvider, $SharePoint.Project.AssemblyFullName$" />
                  <importErrorMessage>$Resources:core,ImportErrorMessage;</importErrorMessage>
                </metaData>
                <data>
                  <properties>
                    <property name="Title" type="string">Provider</property>
                    <property name="Description" type="string">My WebPart</property>
                    <property name="SomeName" type="string">John</property>
                    <property name="AllowConnect" type="bool">True</property>
                  </properties>
                </data>
              </webPart>
          </webParts> 
        ]]>
      </AllUsersWebPart>
      <AllUsersWebPart ID="testConsumer" WebPartZoneID="Center" WebPartOrder="1">
        <![CDATA[
          <webParts>
              <webPart xmlns="http://schemas.microsoft.com/WebPart/v3">
                <metaData>
                  <type name="ConnectableWebParts.WebParts.WPConsumer.WPConsumer, $SharePoint.Project.AssemblyFullName$" />
                  <importErrorMessage>$Resources:core,ImportErrorMessage;</importErrorMessage>
                </metaData>
                <data>
                  <properties>
                    <property name="Title" type="string">Consumer</property>
                    <property name="Description" type="string">My WebPart</property>
                    <property name="AllowConnect" type="bool">True</property>
                  </properties>
                </data>
              </webPart>
          </webParts> 
        ]]>
      </AllUsersWebPart>
    </File>
  </Module>
</Elements>