﻿<?xml version="1.0" encoding="utf-8"?>
<Elements xmlns="http://schemas.microsoft.com/sharepoint/">
  <Module Name="SitePage">
    <File Path="SitePage\WebPartPage.aspx" Url="SitePage/WebPartPage.aspx" >
      <NavBarPage Position="End" ID ="1002" Name="Sample web part" />
      <AllUsersWebPart WebPartOrder="0" WebPartZoneID="Left">
        <![CDATA[
          <webParts>
            <webPart xmlns="http://schemas.microsoft.com/WebPart/v3">
              <metaData>
                <type name="HowToAddWebPart.WebParts.SampleWebPart.SampleWebPart, $SharePoint.Project.AssemblyFullName$" />
                <importErrorMessage>$Resources:core,ImportErrorMessage;</importErrorMessage>
              </metaData>
              <data>
                <properties>
                  <property name="Title" type="string">Sample WebPart - using AlluserWebPart element</property>
                  <property name="Description" type="string">Sample WebPart desctiption here.</property>
                </properties>
              </data>
            </webPart>
        </webParts>
        ]]>
      </AllUsersWebPart>
    </File>
  </Module>
</Elements>