﻿<?xml version="1.0" encoding="utf-8"?>
<Elements xmlns="http://schemas.microsoft.com/sharepoint/">
  <Module Name="WebPartPage">
    <File Path="WebPartPage\CustomWebPartPage.aspx" Url="WebPartPage/CustomWebPartPage.aspx">
      <AllUsersWebPart WebPartZoneID="Center" WebPartOrder="0">
        <![CDATA[
          <webParts>
              <webPart xmlns="http://schemas.microsoft.com/WebPart/v3">
                <metaData>
                  <type name="HelloWorldWebPart.WebParts.HelloWorldWebPart.HelloWorldWebPart, $SharePoint.Project.AssemblyFullName$" />
                  <importErrorMessage>$Resources:core,ImportErrorMessage;</importErrorMessage>
                </metaData>
                <data>
                  <properties>
                    <property name="Title" type="string">HelloWorldWebPart</property>
                    <property name="Description" type="string">My WebPart</property>
                  </properties>
                </data>
              </webPart>
          </webParts> 
        ]]>
      </AllUsersWebPart>
      <AllUsersWebPart WebPartZoneID="Center" WebPartOrder="1">
        <![CDATA[
          <webParts>
              <webPart xmlns="http://schemas.microsoft.com/WebPart/v3">
                <metaData>
                  <type name="HelloWorldWebPart.WebParts.HelloWorldWebPart2.HelloWorldWebPart2, $SharePoint.Project.AssemblyFullName$" />
                  <importErrorMessage>$Resources:core,ImportErrorMessage;</importErrorMessage>
                </metaData>
                <data>
                  <properties>
                    <property name="Title" type="string">HelloWorldWebPart2</property>
                    <property name="Description" type="string">My WebPart</property>
                  </properties>
                </data>
              </webPart>
          </webParts> 
        ]]>
      </AllUsersWebPart>

      <AllUsersWebPart WebPartZoneID="Center" WebPartOrder="2">
        <![CDATA[
          <webParts>
              <webPart xmlns="http://schemas.microsoft.com/WebPart/v3">
                <metaData>
                   <type name="HelloWorldWebPart.WebParts.HelloWorldWebPart3.HelloWorldWebPart3, $SharePoint.Project.AssemblyFullName$" />
                  <importErrorMessage>$Resources:core,ImportErrorMessage;</importErrorMessage>
                </metaData>
                <data>
                  <properties>
                    <property name="Title" type="string">HelloWorldWebPart3</property>
                    <property name="Description" type="string">My WebPart</property>
                  </properties>
                </data>
              </webPart>
          </webParts> 
        ]]>
      </AllUsersWebPart>


    </File>
</Module>
</Elements>