﻿<?xml version="1.0" encoding="utf-8"?>
<Feature xmlns="http://schemas.microsoft.com/sharepoint/" Title="SPFeatureUpgrade Feature1" Id="5b09f689-b0df-44ca-ae24-57a6edb43d41" ReceiverAssembly="SPFeatureUpgrade, Version=1.0.0.0, Culture=neutral, PublicKeyToken=ac270d7b6144ee54" ReceiverClass="SPFeatureUpgrade.Features.SomeFeature.SomeFeatureEventReceiver" Scope="Web" Version="2.0.0.0">
  <UpgradeActions ReceiverAssembly="$SharePoint.Project.AssemblyFullName$" ReceiverClass="$SharePoint.Type.3be7c1f1-5a04-4f48-bff3-f658b997138c.FullName$">
    <VersionRange BeginVersion="1.0.0.0" EndVersion="2.0.0.0">
      <ApplyElementManifests>
        <ElementManifest Location="Tasks2\Elements.xml" />
      </ApplyElementManifests>
      <CustomUpgradeAction Name="UpdateSiteTitle">
        <Parameters>
          <Parameter Name="Title">title 2.0 version</Parameter>
        </Parameters>
      </CustomUpgradeAction>
    </VersionRange>
  </UpgradeActions>
  <ElementManifests>
    <ElementManifest Location="Tasks1\Elements.xml" />
    <ElementManifest Location="Tasks2\Elements.xml" />
  </ElementManifests>
</Feature>